{"song":{"player1":"bf","sectionLengths":[],"notes":[{"lengthInSteps":16,"sectionNotes":[[71.5990453460621,3,0],[35.799522673031,3,0],[0,2,0],[143.198090692124,3,0],[178.997613365155,0,0],[214.797136038186,1,0],[250.596658711217,1,0],[286.396181384248,2,0],[429.594272076372,3,0],[393.794749403341,3,0],[357.99522673031,3,0],[322.195704057279,3,0],[465.393794749403,0,0],[501.193317422434,3,0],[536.992840095465,0,0]],"typeOfSection":0,"mustHitSection":false,"changeBPM":false,"bpm":95},{"lengthInSteps":16,"sectionNotes":[[572,1,0],[608,3,0],[644,1,0],[680,3,0],[715,1,0],[751,2,0],[787,2,0],[823,3,0],[894,2,0],[930,1,0],[966,0,0],[1002,1,0],[1002,2,0],[1002,3,0],[1038,0,0],[1073,1,0],[1109,1,0]],"typeOfSection":0,"mustHitSection":false,"changeBPM":false,"bpm":165},{"lengthInSteps":16,"sectionNotes":[[1145.58472553699,3,0],[1181.38424821002,2,0],[1181.38424821002,3,0],[1217.18377088305,2,0],[1252.98329355609,2,0],[1252.98329355609,1,0],[1288.78281622912,1,0],[1324.58233890215,1,0],[1360.38186157518,1,0],[1396.18138424821,2,0],[1503.5799522673,2,0],[1372.01670644391,2,0],[1340.69212410501,2,0],[1308.47255369928,2,0],[1316.52744630072,3,0],[1415.87112171838,3,0],[1526.84964200477,1,0],[1525.95465393795,0,0],[1506.26491646778,0,0],[1494.63007159905,0,0],[1482.99522673031,0,0],[1465.09546539379,0,0],[1459.72553699284,0,0],[1452.56563245823,0,0],[1430.19093078759,0,0],[1411.39618138425,0,0],[1398.86634844869,0,0],[1377.38663484487,0,0],[1575.17899761337,1,0],[1610.9785202864,2,0],[1646.77804295943,2,0],[1646.77804295943,1,0],[1682.57756563246,0,0]],"typeOfSection":0,"mustHitSection":false,"changeBPM":false,"bpm":165},{"lengthInSteps":16,"sectionNotes":[[1718.37708830549,2,0],[1754.17661097852,1,0],[1825.77565632458,1,0],[1861.57517899761,2,0],[1968.97374701671,2,0],[2004.77326968974,2,0],[2040.57279236277,2,0],[2076.3723150358,2,0],[2183.77088305489,2,0],[2147.97136038186,2,0],[2112.17183770883,2,0],[2004.77326968974,1,0],[1968.97374701671,1,0],[1933.17422434368,1,0],[1754.17661097852,0,0],[1789.97613365155,0,0],[1825.77565632458,0,0],[1861.57517899761,0,0],[1897.37470167064,0,0],[1933.17422434368,0,0],[1861.57517899761,3,0],[1846.36038186158,3,0],[1830.25059665871,3,0],[1820.40572792363,3,0],[1815.9307875895,3,0],[1797.13603818616,3,0],[1790.87112171838,3,0],[1788.1861575179,3,0],[1774.76133651551,3,0],[1766.70644391408,3,0],[1761.33651551313,3,0],[1755.07159904535,3,0],[1748.80668257757,3,0],[1745.22673031026,3,0],[1742.54176610979,3,0],[1736.276849642,3,0],[1728.22195704057,3,0],[1720.16706443914,3,0],[1933.17422434368,3,0],[1968.97374701671,3,0],[2040.57279236277,3,0],[2112.17183770883,3,0],[2147.97136038186,3,0],[2183.77088305489,1,0],[2255.36992840095,1,0],[2219.57040572792,0,0]],"typeOfSection":0,"mustHitSection":false,"changeBPM":false,"bpm":165},{"lengthInSteps":16,"sectionNotes":[[2414.67780429594,2,0],[2631.26491646778,2,0],[2565.9307875895,2,0],[2537.29116945107,2,0],[2526.55131264916,2,0],[2508.65155131265,2,0],[2505.07159904535,2,0],[2486.276849642,2,0],[2480.90692124105,2,0],[2478.22195704057,2,0],[2476.43198090692,2,0],[2469.27207637232,2,0],[2434.36754176611,1,0],[2398.56801909308,1,0],[2291.16945107399,0,0],[2362.76849642005,0,0],[2326.96897374702,0,0],[2326.96897374702,3,0],[2362.76849642005,3,0],[2434.36754176611,3,0],[2505.96658711217,3,0],[2577.56563245823,3,0],[2720.76372315036,2,0],[2720.76372315036,0,0],[2720.76372315036,1,0],[2756.56324582339,0,0],[2756.56324582339,1,0],[2756.56324582339,2,0],[2684.96420047733,3,0],[2720.76372315036,3,0],[2756.56324582339,3,0],[2792.36276849642,3,0],[2792.36276849642,2,0],[2792.36276849642,1,0],[2792.36276849642,0,0],[2828.16229116945,3,0],[2828.16229116945,2,0],[2828.16229116945,1,0],[2828.16229116945,0,0]],"typeOfSection":0,"mustHitSection":false,"changeBPM":false,"bpm":165},{"lengthInSteps":16,"sectionNotes":[[2863.96181384248,2,0],[3006.26491646778,1,0],[2995.52505966587,1,0],[2975.8353221957,1,0],[2966.88544152745,1,0],[2958.83054892601,1,0],[2948.98568019093,1,0],[2943.61575178998,1,0],[2934.66587112172,1,0],[2899.76133651551,2,0],[2971.36038186158,2,0],[3007.15990453461,2,0],[3078.75894988067,2,0],[3114.5584725537,2,0],[3150.35799522673,3,0],[3186.15751789976,2,0],[3221.95704057279,2,0],[3221.95704057279,1,0],[3257.75656324582,0,0],[3293.55608591885,0,0],[3293.55608591885,1,0],[3293.55608591885,2,0],[3293.55608591885,3,0],[3257.75656324582,1,0],[3186.15751789976,1,0],[3150.35799522673,1,0],[3042.95942720764,0,0],[3007.15990453461,0,0],[2971.36038186158,0,0],[3042.95942720764,0,0],[3114.5584725537,0,0],[3042.95942720764,3,0],[2971.36038186158,3,0],[2935.56085918854,3,0],[2899.76133651551,0,0],[3329.35560859189,2,0],[3329.35560859189,1,0],[3365.15513126492,1,0],[3400.95465393795,0,0]],"typeOfSection":0,"mustHitSection":false,"changeBPM":false,"bpm":165},{"lengthInSteps":16,"sectionNotes":[[3436.75417661098,1,0],[3436.75417661098,2,0],[3508.35322195704,2,0],[3615.75178997613,1,0],[3651.55131264916,1,0],[3579.9522673031,1,0],[3544.15274463007,1,0],[3472.55369928401,0,0],[3508.35322195704,0,0],[3630.96658711217,0,0],[3621.12171837709,0,0],[3612.17183770883,0,0],[3605.90692124105,0,0],[3598.74701670644,0,0],[3588.90214797136,0,0],[3575.47732696897,0,0],[3562.05250596659,0,0],[3546.83770883055,0,0],[3722.2553699284,2,0],[3720.46539379475,2,0],[3717.78042959427,2,0],[3690.03579952267,2,0],[3686.45584725537,2,0],[3667.66109785203,2,0],[3649.76133651551,2,0],[3830.54892601432,1,0],[3723.15035799523,3,0],[3687.3508353222,3,0],[3579.9522673031,3,0],[3544.15274463007,3,0],[3508.35322195704,3,0],[3615.75178997613,3,0],[3651.55131264916,3,0],[3472.55369928401,3,0],[3436.75417661098,3,0],[3866.34844868735,3,0],[3794.74940334129,2,0],[3758.94988066826,2,0],[3758.94988066826,1,0],[3723.15035799523,1,0],[3866.34844868735,1,0],[3902.14797136038,1,0],[3937.94749403341,2,0],[3973.74701670644,2,0],[3978.22195704057,3,0],[3980.01193317422,1,0],[3971.95704057279,1,0],[3965.69212410501,0,0],[3958.53221957041,0,0],[3954.05727923628,0,0],[3949.58233890215,1,0],[3943.31742243437,0,0],[3940.63245823389,0,0],[3935.26252983294,0,0],[3932.57756563246,0,0]],"typeOfSection":0,"mustHitSection":false,"changeBPM":false,"bpm":165},{"lengthInSteps":16,"sectionNotes":[[4432.87589498807,2,0],[4407.81622911694,2,0],[4401.55131264916,2,0],[4392.60143198091,2,0],[4379.17661097852,2,0],[4372.91169451074,2,0],[4366.64677804296,2,0],[4355.90692124105,2,0],[4346.95704057279,2,0],[4338.00715990453,2,0],[4326.3723150358,2,0],[4317.42243436754,2,0],[4306.68257756563,2,0],[4290.57279236277,2,0],[4278.93794749403,2,0],[4262.82816229117,2,0],[4252.98329355609,2,0],[4244.03341288783,2,0],[4235.9785202864,2,0],[4225.23866348449,2,0],[4214.49880668258,2,0],[4194.80906921241,2,0],[4191.22911694511,2,0],[4182.27923627685,2,0],[4161.69451073986,2,0],[4151.84964200477,2,0],[4149.1646778043,2,0],[4144.68973747017,2,0],[4120.52505966587,2,0],[4081.14558472554,2,0],[4072.19570405728,2,0],[4059.66587112172,2,0],[4044.45107398568,2,0],[4029.23627684964,2,0],[4009.54653937947,1,0],[4045.34606205251,1,0],[4116.94510739857,1,0],[4188.54415274463,1,0],[4188.54415274463,0,0],[4116.94510739857,0,0],[4081.14558472554,0,0],[4045.34606205251,0,0],[4009.54653937947,0,0],[4295.94272076372,3,0],[4331.74224343675,3,0],[4224.34367541766,3,0],[4260.14319809069,3,0],[4260.14319809069,0,0],[4331.74224343675,0,0],[4367.54176610979,1,0],[4439.14081145585,0,0],[4510.73985680191,1,0],[4510.73985680191,0,0],[4474.94033412888,0,0],[4474.94033412888,2,0],[4510.73985680191,2,0],[4546.53937947494,3,0]],"typeOfSection":0,"mustHitSection":false,"changeBPM":false,"bpm":165},{"lengthInSteps":16,"sectionNotes":[[4582.33890214797,2,0],[4689.73747016707,0,0],[4832.93556085919,1,0],[4618.138424821,1,0],[4725.5369928401,1,0],[4761.33651551313,3,0],[4868.73508353222,2,0],[4904.53460620525,3,0],[4976.13365155131,0,0],[4940.33412887828,1,0],[5011.93317422434,1,0],[5047.73269689737,2,0],[5083.53221957041,3,0],[5119.33174224344,2,0]],"typeOfSection":0,"mustHitSection":true,"changeBPM":false,